{"noiseKey":{"private":{"type":"Buffer","data":"IFw3qLVNe32vVI0EYEnm5iEzZ1dHMwbO82ZU24VTl1c="},"public":{"type":"Buffer","data":"qa6YVz6tVEYojEq27rZ1I11fLXvSRsJtDkJFGddcswo="}},"pairingEphemeralKeyPair":{"private":{"type":"Buffer","data":"UNYsj5ChiVDbwDiRaNqHRWwiE2vN7vOIa9gh5G/vO3g="},"public":{"type":"Buffer","data":"BoiJMZqB+ECyRZuQPJEt4BchbtXYomchOjP1giaPkW4="}},"signedIdentityKey":{"private":{"type":"Buffer","data":"MMB6YoYBevgo0izL1CEx0Wip32p7c+1hcmXV5/bu4ks="},"public":{"type":"Buffer","data":"SeevG2xfn1xp21CnkjdQ8qhpvOQsyZLHRG/uRUUP/Sk="}},"signedPreKey":{"keyPair":{"private":{"type":"Buffer","data":"2N6jWV+B0vNaJ3Br/3ADBVY+UHQqh6EnYY0GYMHA7VU="},"public":{"type":"Buffer","data":"yWIRjEwCsEm8+gD7CHxREgF2PFpX2jyVqOM66Y/VrT8="}},"signature":{"type":"Buffer","data":"1upLRX8LgGLZW+os1Yel0+xJzvfch6xBrU5ViJNDgNlZOj0ntMdsCJJ4Wr8TqMmoWgkMDmQ3WbdTnBi7SU9CAA=="},"keyId":1},"registrationId":213,"advSecretKey":"vKloIbcSprlYTnntu6FJpe4zLLRmnqnihyd77uPk+qc=","processedHistoryMessages":[{"key":{"remoteJid":"494484544@s.whatsapp.net","fromMe":true,"id":"EF6D78250BDAE28643FF761578A0FE7F"},"messageTimestamp":1740073441},{"key":{"remoteJid":"494484544@s.whatsapp.net","fromMe":true,"id":"3D2FABFDB1E809BE807B69B5C677CE12"},"messageTimestamp":1740073441},{"key":{"remoteJid":"494484544@s.whatsapp.net","fromMe":true,"id":"D9A29AF88710C2850B3E7A11E0D5723E"},"messageTimestamp":1740073443},{"key":{"remoteJid":"494484544@s.whatsapp.net","fromMe":true,"id":"85F90E7AF33D8C630E2910CCCEBE1253"},"messageTimestamp":1740073443}],"nextPreKeyId":31,"firstUnuploadedPreKeyId":31,"accountSyncCounter":1,"accountSettings":{"unarchiveChats":false},"deviceId":"oWnU_xKASPqWu5gC-rDIGA","phoneId":"4c8e3ddd-fa97-4df4-baff-064751575119","identityId":{"type":"Buffer","data":"KY2OgAw1QVzTPYv672aROQnDPJA="},"registered":true,"backupToken":{"type":"Buffer","data":"yfm4UKBtTgkgSpZVsgFY8Jul9N4="},"registration":{},"pairingCode":"F3HFX9V1","me":{"id":"494484544:1@s.whatsapp.net","name":"zugticketss","lid":"83352984006721:1@lid"},"account":{"details":"CMWzs/UDENzT3b0GGAEgACgA","accountSignatureKey":"XMk1wQtUOQUht6GnadpOJRkqELa6GyzLMXmaJEKIljs=","accountSignature":"U6e0Motv8Tqm0mIoaJ6xdgYY2TBa2msVFGNuo7ljhIaACs0XYIj7hUe7s2z6cgCgI3igcrFqQfDwpudUebijCA==","deviceSignature":"mR4b8ZjouBqvnCLkVZIenqqw3eLL1ogrHJug4pj7cVnAjvjcyVWh3eqUoqcAftBAU7qK2Iv/ja8w9+UlCeNWDA=="},"signalIdentities":[{"identifier":{"name":"494484544:1@s.whatsapp.net","deviceId":0},"identifierKey":{"type":"Buffer","data":"BVzJNcELVDkFIbehp2naTiUZKhC2uhssyzF5miRCiJY7"}}],"platform":"smba","lastAccountSyncTimestamp":1740073440,"myAppStateKeyId":"AAAAAJIa"}